date,visitor_id,visit_count,queries
2025-01-15,ab0cf05423d25dbc3fc1585fb1f7d1ea,1,0
2025-01-15,02e2d727341c5199cf98268f7e1b0e0c,1,0
2025-01-15,6fa6454662fde88846cc3e222280158d,1,0
2025-01-15,297b4dee7b0de9e194b3789a45e753c6,2,1
2025-01-15,c944964f26077f16a2b72b6242b923bb,1,0
2025-01-15,bda257fddf6e0a702038e5544210ef81,1,0
2025-01-15,bf6ad13bf4c303b171511d8ebcb21919,4,3
2025-01-15,7a6534d5b34bb765fadffd86456f25a8,4,3
2025-01-15,a94aaf7417f71969979459f8f4eef14d,7,6
2025-01-15,63efa5ff5e61bbbab38346539110c4d9,2,1
